episode,stage,steps,capture_success,outcome_code,captured_target_count,escaped_target_count,total_reward_hunters,total_reward_targets,avg_chase_reward,avg_capture_reward,avg_escape_reward,avg_alignment_reward,avg_gap_reward,avg_stuck_penalty,avg_blocked_chase,avg_containment_reward,avg_role_geometry_reward,avg_escape_bandwidth,avg_critic_loss,avg_actor_loss,avg_active_targets,avg_min_group_size,avg_max_group_size,avg_group_size_std,avg_interceptors
1,default,250,0,1,1,0,-259.3098,-398.4630,-0.0006,0.0400,-0.1238,0.0083,0.0000,0.0000,0.1041,0.0000,0.0000,0.5667,2.058718,-0.099731,1.6920,2.8520,4.9720,1.0600,1.0240
2,default,250,0,0,0,0,-403.0266,-412.7948,-0.0004,0.0000,-0.0003,0.0075,0.0000,0.0000,0.1499,0.0000,0.0000,0.4775,4.280296,-0.200144,2.0000,0.7760,5.2240,2.2240,1.0320
3,default,250,0,0,0,0,-386.4979,-405.7489,-0.0004,0.0000,-0.0078,0.0117,0.0000,0.0000,0.1539,0.0000,0.0000,0.5044,2.524409,-0.218363,2.0000,0.6440,5.3560,2.3560,0.9800
4,default,250,0,0,0,0,-382.6162,-377.7277,-0.0004,0.0000,0.0481,0.0120,0.0000,0.0000,0.2170,0.0000,0.0000,0.4904,2.046539,-0.350552,2.0000,1.7520,4.2480,1.2480,0.9880
5,default,250,0,1,1,0,-346.0938,-392.2370,-0.0002,0.0333,-0.0029,0.0083,0.0000,0.0000,0.3139,0.0000,0.0000,0.5102,2.994170,-0.572982,1.8960,1.1240,5.4760,2.1760,1.0040
6,default,250,0,1,1,0,-340.7040,-377.3654,-0.0003,0.0333,-0.0266,0.0119,0.0000,0.0000,0.2466,0.0000,0.0000,0.4828,4.000979,-0.756468,1.8240,2.0000,5.0320,1.5160,0.9920
7,default,250,0,0,0,0,-415.8954,-324.7562,-0.0003,0.0000,0.0731,0.0241,0.0000,0.0000,0.2964,0.0000,0.0000,0.5161,3.599847,-0.927912,2.0000,0.0920,5.9080,2.9080,0.6400
8,default,250,0,0,0,0,-414.6265,-442.7977,0.0001,0.0000,0.0792,0.0204,0.0000,0.0000,0.0140,0.0000,0.0000,0.4649,3.028436,-0.893465,2.0000,0.0160,5.9840,2.9840,0.4560
9,default,250,0,-1,0,1,-470.2946,-120.6133,0.0003,0.0000,0.0930,0.0400,0.0000,0.0000,0.0360,0.0000,0.0000,0.5030,2.565613,-0.814405,1.3520,3.8720,5.9920,1.0600,0.8600
10,default,207,0,-1,1,1,-328.6589,-176.5072,0.0004,0.0483,-0.1094,0.0425,0.0000,0.0000,0.0217,0.0000,0.0000,0.4477,2.556057,-0.759364,1.3720,3.7101,6.0000,1.1449,0.9758
11,default,250,0,-1,0,1,-462.8203,-140.5601,0.0003,0.0000,0.0647,0.0351,0.0000,0.0000,0.0640,0.0000,0.0000,0.4901,2.737614,-0.630145,1.3240,4.0320,6.0000,0.9840,0.9800
12,default,250,0,0,0,0,-412.8579,-450.7618,-0.0001,0.0000,0.0575,0.0216,0.0000,0.0000,0.0347,0.0000,0.0000,0.4721,2.839558,-0.545520,2.0000,0.1280,5.8720,2.8720,0.5280
13,default,250,0,0,0,0,-399.9239,-457.3070,0.0000,0.0000,0.0621,0.0181,0.0000,0.0000,0.0371,0.0000,0.0000,0.4619,2.445652,-0.530286,2.0000,0.4360,5.5640,2.5640,0.5400
14,default,81,0,-1,1,1,-140.9973,12.6565,0.0003,0.0206,-0.0228,0.1266,0.0000,0.0000,0.0000,0.0000,0.0000,0.7390,1.599507,-0.528142,1.8642,0.9136,5.7531,2.4198,0.9383
15,default,250,0,-1,0,1,-442.1900,-104.2780,0.0002,0.0000,0.0806,0.0417,0.0000,0.0000,0.0714,0.0000,0.0000,0.5234,2.983905,-0.437565,1.3280,4.0880,5.9200,0.9160,0.9800
16,default,250,0,0,0,0,-383.3573,-258.3492,-0.0001,0.0000,0.0887,0.0434,0.0000,0.0000,0.0681,0.0000,0.0000,0.6174,2.965796,-0.342846,2.0000,0.5080,5.4920,2.4920,0.6560
17,default,250,0,0,0,0,-384.0930,-411.2370,-0.0000,0.0000,0.0667,0.0327,0.0000,0.0000,0.0393,0.0000,0.0000,0.3914,2.263971,-0.315009,2.0000,0.5920,5.4080,2.4080,0.4560
18,default,250,0,0,0,0,-345.7201,-411.0135,0.0000,0.0000,0.0755,0.0300,0.0000,0.0000,0.0197,0.0000,0.0000,0.4143,2.087143,-0.261715,2.0000,0.6360,5.3640,2.3640,0.4600
19,default,250,0,-1,0,1,-416.2995,-87.4276,0.0000,0.0000,0.0630,0.0537,0.0000,0.0000,0.0201,0.0000,0.0000,0.5363,2.094233,-0.332485,1.3440,4.0080,5.9040,0.9480,0.9800
20,default,250,0,0,0,0,-412.7357,-428.1909,0.0000,0.0000,0.0682,0.0284,0.0000,0.0000,0.1682,0.0000,0.0000,0.3396,1.873481,-0.315932,2.0000,0.6720,5.3280,2.3280,0.4720
21,default,250,0,0,0,0,-344.7950,-433.4405,-0.0001,0.0000,0.0710,0.0270,0.0000,0.0000,0.0282,0.0000,0.0000,0.3843,1.871742,-0.273144,2.0000,0.7600,5.2400,2.2400,0.4760
22,default,250,0,-1,0,1,-464.1222,-94.4899,0.0002,0.0000,0.0587,0.0486,0.0000,0.0000,0.1587,0.0000,0.0000,0.5402,1.010018,-0.368550,1.3240,4.0320,6.0000,0.9840,0.9800
23,default,250,0,0,0,0,-340.5297,-434.6030,-0.0000,0.0000,0.0649,0.0277,0.0000,0.0000,0.0201,0.0000,0.0000,0.4482,1.133411,-0.519659,2.0000,0.1560,5.8440,2.8440,0.7840
24,default,250,0,-1,0,1,-405.8117,-94.5014,0.0003,0.0000,0.0545,0.0495,0.0000,0.0000,0.0021,0.0000,0.0000,0.5239,1.021922,-0.506826,1.3160,4.0800,6.0000,0.9600,0.9800
25,default,250,0,-1,0,1,-403.8410,-91.3187,0.0002,0.0000,0.0690,0.0495,0.0000,0.0000,0.0015,0.0000,0.0000,0.5353,1.935378,-0.295866,1.3400,3.9360,6.0000,1.0320,0.9800
26,default,250,0,0,0,0,-340.6321,-434.7232,-0.0001,0.0000,0.0472,0.0283,0.0000,0.0000,0.0068,0.0000,0.0000,0.4020,1.721184,-0.030905,2.0000,0.2600,5.7400,2.7400,0.7280
27,default,250,0,0,0,0,-341.9455,-424.5413,-0.0000,0.0000,0.0642,0.0289,0.0000,0.0000,0.0266,0.0000,0.0000,0.3749,1.516684,0.170476,2.0000,0.7320,5.2680,2.2680,0.4760
28,default,250,0,-1,0,1,-381.9393,-94.4529,-0.0003,0.0000,0.0549,0.0510,0.0000,0.0000,0.0540,0.0000,0.0000,0.5177,1.811062,-0.113704,1.3200,4.2320,5.8240,0.7960,0.9800
29,default,250,0,-1,0,1,-387.4397,-89.0940,-0.0003,0.0000,0.0755,0.0488,0.0000,0.0000,0.2513,0.0000,0.0000,0.5578,1.999441,-0.691397,1.3240,4.5840,5.4480,0.4320,1.1480
30,default,250,0,0,0,0,-330.0576,-423.3319,-0.0003,0.0000,0.0681,0.0305,0.0000,0.0000,0.1046,0.0000,0.0000,0.3749,2.153463,-0.620581,2.0000,1.9560,4.0440,1.0440,0.5640
31,default,250,0,0,0,0,-283.2915,-246.2333,-0.0004,0.0000,0.0826,0.0451,0.0000,0.0000,0.1246,0.0000,0.0000,0.6176,1.650865,-0.735188,2.0000,1.4200,4.5800,1.5800,1.0880
32,default,250,0,-1,0,1,-327.1690,-77.6186,-0.0003,0.0000,0.0796,0.0514,0.0000,0.0000,0.1267,0.0000,0.0000,0.5646,1.504284,-0.970225,1.3560,4.4280,5.4120,0.4920,1.1440
33,default,250,0,0,0,0,-269.3559,-421.5198,-0.0003,0.0000,0.0645,0.0321,0.0000,0.0000,0.0850,0.0000,0.0000,0.4680,1.851369,-1.561076,2.0000,1.7240,4.2760,1.2760,0.5880
34,default,250,0,0,0,0,-264.3177,-424.7370,-0.0004,0.0000,0.0703,0.0297,0.0000,0.0000,0.1037,0.0000,0.0000,0.4478,1.596102,-2.804654,2.0000,1.3640,4.6360,1.6360,0.4360
35,default,250,0,1,1,0,-218.5932,-307.9513,-0.0002,0.0200,-0.0049,0.0175,0.0000,0.0000,0.0000,0.0000,0.0000,0.2434,1.954114,-2.955892,1.1280,5.4080,5.8000,0.1960,0.1400
36,default,250,0,-1,0,1,-323.2474,-277.5217,-0.0001,0.0000,-0.0126,0.0376,0.0000,0.0000,0.0020,0.0000,0.0000,0.2648,1.683688,-2.971102,1.3440,4.6680,5.2440,0.2880,0.3560
37,default,250,0,0,0,0,-265.8843,-407.8141,-0.0003,0.0000,0.0721,0.0342,0.0000,0.0000,0.0814,0.0000,0.0000,0.4982,1.853227,-3.023725,2.0000,1.6480,4.3520,1.3520,0.5280
38,default,250,0,0,0,0,-262.2371,-428.7380,-0.0004,0.0000,0.0633,0.0283,0.0000,0.0000,0.0819,0.0000,0.0000,0.5084,1.893545,-2.997477,2.0000,1.5640,4.4360,1.4360,0.4880
39,default,250,0,1,1,0,-218.9983,-305.5078,-0.0001,0.0200,-0.0019,0.0197,0.0000,0.0000,0.0051,0.0000,0.0000,0.2599,1.943205,-2.925566,1.1600,5.1720,5.8440,0.3360,0.1440
40,default,250,0,-1,0,1,-325.1845,-93.1030,-0.0006,0.0000,0.0621,0.0507,0.0000,0.0000,0.3173,0.0000,0.0000,0.5784,2.186127,-2.774446,1.3280,4.6120,5.3960,0.3920,1.1520
41,default,80,0,-1,1,1,-91.3380,29.9501,-0.0004,0.0625,-0.0672,0.1587,0.0000,0.0000,0.0026,0.0000,0.0000,0.7900,2.474548,-2.736891,1.8375,1.7875,5.0375,1.6250,1.1625
42,default,250,0,-1,0,1,-324.0905,-87.0649,-0.0007,0.0000,0.0756,0.0486,0.0000,0.0000,0.3249,0.0000,0.0000,0.5756,3.455954,-2.806400,1.3120,4.4920,5.6120,0.5600,1.0240
43,default,250,0,0,0,0,-267.7042,-402.2101,-0.0002,0.0000,0.0749,0.0343,0.0000,0.0000,0.0777,0.0000,0.0000,0.4504,3.519148,-2.930872,2.0000,1.2520,4.7480,1.7480,0.3560
44,default,250,0,-1,0,1,-321.5111,-271.5646,-0.0001,0.0000,0.0001,0.0389,0.0000,0.0000,0.0515,0.0000,0.0000,0.3028,3.789703,-3.065766,1.3200,4.4400,5.6160,0.5880,0.2520
45,default,250,0,-1,0,1,-268.3370,-87.7362,-0.0007,0.0000,0.0725,0.0489,0.0000,0.0000,0.1950,0.0000,0.0000,0.5513,3.648166,-4.004523,1.3120,4.5640,5.5400,0.4880,1.1120
46,default,250,0,-1,0,1,-259.9953,-271.9519,-0.0002,0.0000,-0.0051,0.0377,0.0000,0.0000,0.0222,0.0000,0.0000,0.2975,4.244623,-4.712886,1.3240,4.3680,5.6640,0.6480,0.3080
47,default,250,0,-1,0,1,-254.4809,-82.9195,-0.0005,0.0000,0.0651,0.0528,0.0000,0.0000,0.1968,0.0000,0.0000,0.5681,4.742500,-4.874318,1.3560,4.0200,5.8200,0.9000,0.9800
48,default,250,0,-1,0,1,-259.1371,-78.2604,-0.0003,0.0000,0.0716,0.0523,0.0000,0.0000,0.1841,0.0000,0.0000,0.5624,4.226010,-4.950468,1.3160,4.2400,5.8400,0.8000,0.9800
49,default,250,0,-1,0,1,-257.8816,-271.3402,-0.0001,0.0000,-0.0077,0.0396,0.0000,0.0000,0.0056,0.0000,0.0000,0.3015,3.594279,-4.969616,1.3400,4.2920,5.6440,0.6760,0.3240
50,default,250,0,1,1,0,-151.3407,-317.3741,-0.0000,0.0200,-0.0291,0.0223,0.0000,0.0000,0.0072,0.0000,0.0000,0.3499,3.970758,-5.020904,1.1840,5.1160,5.7560,0.3200,0.1680
51,default,250,0,-1,0,1,-263.6730,-82.3462,-0.0003,0.0000,0.0824,0.0524,0.0000,0.0000,0.1989,0.0000,0.0000,0.6098,3.669490,-5.052766,1.3560,4.3320,5.5080,0.5880,1.0240
52,default,250,0,-1,0,1,-260.4184,-275.7521,-0.0000,0.0000,-0.0034,0.0344,0.0000,0.0000,0.0206,0.0000,0.0000,0.3022,4.019796,-4.845937,1.3200,4.2680,5.7880,0.7600,0.3040
53,default,250,0,-1,0,1,-261.1396,-269.0703,-0.0001,0.0000,0.0003,0.0428,0.0000,0.0000,0.0259,0.0000,0.0000,0.4305,3.795131,-4.603448,1.3520,4.3600,5.5040,0.5720,0.3960
54,default,250,0,-1,0,1,-258.2719,-269.8529,-0.0000,0.0000,-0.0020,0.0383,0.0000,0.0000,0.0150,0.0000,0.0000,0.2961,3.366594,-4.531336,1.3240,4.3440,5.6880,0.6720,0.3080
55,default,91,0,-1,1,1,-65.2697,35.3092,-0.0005,0.0916,-0.0072,0.1151,0.0000,0.0000,0.0270,0.0000,0.0000,0.9202,3.652568,-4.517230,1.2747,4.3187,5.9011,0.7912,0.9451
56,default,250,0,0,0,0,-198.6419,-426.8253,-0.0001,0.0000,0.0106,0.0357,0.0000,0.0000,0.0165,0.0000,0.0000,0.4768,5.063393,-4.358807,2.0000,1.5480,4.4520,1.4520,0.3440
57,default,250,0,-1,0,1,-260.7872,-274.7963,-0.0000,0.0000,-0.0036,0.0409,0.0000,0.0000,0.0122,0.0000,0.0000,0.4251,4.800904,-4.254788,1.3480,4.4800,5.4080,0.4640,0.3320
58,default,250,0,-1,0,1,-255.5427,-264.2195,-0.0001,0.0000,0.0005,0.0412,0.0000,0.0000,0.0092,0.0000,0.0000,0.4308,4.471234,-4.203394,1.3360,4.3000,5.6600,0.6800,0.3200
59,default,250,0,-1,0,1,-260.0164,-266.6760,-0.0000,0.0000,-0.0009,0.0435,0.0000,0.0000,0.0736,0.0000,0.0000,0.3527,4.821059,-4.125143,1.3520,4.3160,5.5480,0.6160,0.3760
60,default,250,0,-1,0,1,-257.6913,-288.3234,-0.0000,0.0000,0.0007,0.0335,0.0000,0.0000,0.0295,0.0000,0.0000,0.3207,4.996623,-4.003737,1.3400,4.1680,5.7680,0.8000,0.3240
61,default,250,0,-1,0,1,-253.5818,-289.7301,-0.0001,0.0000,-0.0021,0.0359,0.0000,0.0000,0.0043,0.0000,0.0000,0.2759,4.529541,-3.846296,1.3360,4.1560,5.8040,0.8240,0.3200
62,default,250,0,-1,0,1,-256.4540,-91.4310,-0.0005,0.0000,0.0252,0.0601,0.0000,0.0000,0.2193,0.0000,0.0000,0.7505,3.794329,-3.548441,1.3440,4.2680,5.6440,0.6880,0.9960
63,default,250,0,-1,0,1,-255.9944,-97.6985,-0.0005,0.0000,0.0204,0.0558,0.0000,0.0000,0.2200,0.0000,0.0000,0.7357,2.918550,-3.240682,1.3360,4.3560,5.6040,0.6240,1.0360
64,default,250,0,0,0,0,-198.0945,-452.7934,-0.0001,0.0000,0.0045,0.0337,0.0000,0.0000,0.0213,0.0000,0.0000,0.5249,3.396592,-3.056879,2.0000,1.5880,4.4120,1.4120,0.3520
65,default,250,0,-1,0,1,-260.3558,-100.0371,-0.0005,0.0000,0.0303,0.0519,0.0000,0.0000,0.2220,0.0000,0.0000,0.6553,2.628954,-2.910972,1.3120,4.5320,5.5720,0.5200,1.0600
66,default,250,0,-1,0,1,-259.4939,-298.2385,-0.0001,0.0000,-0.0075,0.0322,0.0000,0.0000,0.0092,0.0000,0.0000,0.2704,3.281700,-2.635248,1.3360,4.2760,5.6840,0.7040,0.3120
67,default,250,0,-1,0,1,-257.4609,-300.3813,-0.0000,0.0000,-0.0109,0.0336,0.0000,0.0000,0.0149,0.0000,0.0000,0.3726,3.048856,-2.505991,1.3520,4.1200,5.7440,0.8120,0.3320
68,default,250,0,-1,0,1,-258.3529,-291.2593,-0.0000,0.0000,-0.0005,0.0353,0.0000,0.0000,0.0249,0.0000,0.0000,0.4105,2.948930,-2.361951,1.3320,4.2120,5.7720,0.7800,0.3120
69,default,250,0,0,0,0,-196.6748,-255.3683,-0.0006,0.0000,0.0398,0.0559,0.0000,0.0000,0.2211,0.0000,0.0000,0.7319,2.542754,-2.318234,2.0000,0.5520,5.4480,2.4480,1.0360
70,default,250,0,-1,0,1,-258.6153,-290.7885,-0.0001,0.0000,-0.0015,0.0369,0.0000,0.0000,0.0069,0.0000,0.0000,0.4023,2.656794,-2.181200,1.3440,4.2600,5.6520,0.6960,0.2800
71,default,250,0,-1,0,1,-258.4687,-85.7544,-0.0006,0.0000,0.0241,0.0621,0.0000,0.0000,0.2493,0.0000,0.0000,0.7512,2.564971,-1.987328,1.3320,4.3880,5.5960,0.6040,0.9880
72,default,250,0,-1,0,1,-263.0176,-289.4620,-0.0001,0.0000,-0.0027,0.0386,0.0000,0.0000,0.0108,0.0000,0.0000,0.4067,2.436604,-1.842489,1.3520,4.0600,5.8040,0.8720,0.3320
73,default,250,0,0,0,0,-195.9995,-441.2632,-0.0002,0.0000,0.0147,0.0372,0.0000,0.0000,0.0138,0.0000,0.0000,0.4920,2.484830,-1.668188,2.0000,0.8720,5.1280,2.1280,0.3280
74,default,250,0,0,0,0,-200.4451,-453.1605,-0.0002,0.0000,0.0164,0.0333,0.0000,0.0000,0.0102,0.0000,0.0000,0.5319,2.305561,-1.403401,2.0000,0.8280,5.1720,2.1720,0.2880
75,default,250,0,-1,0,1,-262.4644,-82.8187,-0.0005,0.0000,0.0278,0.0643,0.0000,0.0000,0.2205,0.0000,0.0000,0.7609,2.127873,-1.141481,1.3400,4.3600,5.5760,0.6080,0.9840
76,default,250,0,-1,0,1,-256.4213,-87.1215,-0.0006,0.0000,0.0304,0.0603,0.0000,0.0000,0.2168,0.0000,0.0000,0.7358,2.243992,-1.027089,1.3440,4.2520,5.6600,0.7040,0.9800
77,default,250,0,-1,0,1,-256.7729,-85.0741,-0.0005,0.0000,0.0275,0.0633,0.0000,0.0000,0.2455,0.0000,0.0000,0.7625,2.247379,-0.892484,1.3440,4.2240,5.6880,0.7320,0.9800
78,default,250,0,-1,0,1,-258.1858,-83.6495,-0.0005,0.0000,0.0300,0.0616,0.0000,0.0000,0.2151,0.0000,0.0000,0.7409,2.330409,-0.800109,1.3280,4.4560,5.5520,0.5480,0.9800
79,default,250,0,-1,0,1,-261.2072,-298.3456,-0.0001,0.0000,-0.0096,0.0328,0.0000,0.0000,0.0404,0.0000,0.0000,0.3920,2.033446,-0.811344,1.3320,4.4120,5.5720,0.5800,0.2880
80,default,250,0,0,0,0,-203.8846,-447.8336,0.0000,0.0000,0.0290,0.0310,0.0000,0.0000,0.1585,0.0000,0.0000,0.4290,2.765748,-3.007084,2.0000,1.1720,4.8280,1.8280,0.2040
81,default,250,0,0,0,0,-205.8750,-652.8561,0.0000,0.0000,-0.0120,0.0084,0.0000,0.0000,0.1753,0.0000,0.0000,0.2601,2.510404,-2.786173,2.0000,2.2600,3.7400,0.7400,0.0560
82,default,250,0,0,0,0,-183.6809,-640.0466,0.0001,0.0000,-0.0136,0.0118,0.0000,0.0000,0.1696,0.0000,0.0000,0.2021,2.322143,-2.734655,2.0000,2.4360,3.5640,0.5640,0.0720
83,default,250,0,1,1,0,-143.0914,-332.1943,0.0002,0.0400,-0.0181,0.0151,0.0000,0.0000,0.3634,0.0000,0.0000,0.2601,2.562964,-3.658693,1.1720,4.9680,5.9760,0.5040,0.1560
84,default,250,0,0,0,0,-115.2227,-628.1334,0.0001,0.0000,-0.0021,0.0130,0.0000,0.0000,0.1848,0.0000,0.0000,0.2422,2.103991,-4.765889,2.0000,1.8520,4.1480,1.1480,0.0800
85,default,250,0,0,0,0,-86.5782,-639.3997,0.0001,0.0000,-0.0052,0.0116,0.0000,0.0000,0.1693,0.0000,0.0000,0.3025,1.442826,-4.710288,2.0000,1.4880,4.5120,1.5120,0.0680
86,default,250,0,0,0,0,-87.3278,-435.1891,-0.0002,0.0000,0.0545,0.0301,0.0000,0.0000,0.1667,0.0000,0.0000,0.4411,1.087199,-4.434412,2.0000,0.3880,5.6120,2.6120,0.3160
87,default,250,0,0,0,0,-63.0714,-644.3749,-0.0001,0.0000,-0.0041,0.0089,0.0000,0.0000,0.0186,0.0000,0.0000,0.3373,1.046472,-4.407493,2.0000,1.0200,4.9800,1.9800,0.0600
88,default,250,0,0,0,0,-25.5964,-440.0930,-0.0004,0.0000,0.0570,0.0284,0.0000,0.0000,0.0094,0.0000,0.0000,0.5387,1.001586,-6.596093,2.0000,1.0920,4.9080,1.9080,0.3240
89,default,250,0,0,0,0,-77.9635,-429.4515,-0.0002,0.0000,0.0593,0.0333,0.0000,0.0000,0.1959,0.0000,0.0000,0.5704,1.092919,-8.226156,2.0000,1.4280,4.5720,1.5720,0.3720
90,default,250,0,0,0,0,-7.7813,-631.4160,0.0000,0.0000,-0.0043,0.0132,0.0000,0.0000,0.0129,0.0000,0.0000,0.3506,0.512505,-8.642964,2.0000,1.6840,4.3160,1.3160,0.0760
91,default,250,0,0,0,0,-6.3471,-430.3505,-0.0002,0.0000,0.0614,0.0309,0.0000,0.0000,0.0212,0.0000,0.0000,0.4519,0.629898,-8.935263,2.0000,1.1200,4.8800,1.8800,0.3000
92,default,250,0,0,0,0,-6.7002,-645.9828,0.0001,0.0000,-0.0073,0.0096,0.0000,0.0000,0.0062,0.0000,0.0000,0.3118,0.615366,-8.935934,2.0000,1.2240,4.7760,1.7760,0.0560
93,default,250,0,0,0,0,-11.9308,-427.9234,-0.0001,0.0000,0.0475,0.0338,0.0000,0.0000,0.0064,0.0000,0.0000,0.4533,0.763417,-8.909769,2.0000,0.9480,5.0520,2.0520,0.2400
94,default,250,0,0,0,0,-9.6642,-436.3548,-0.0001,0.0000,0.0537,0.0289,0.0000,0.0000,0.0146,0.0000,0.0000,0.4254,0.660233,-8.800459,2.0000,1.1720,4.8280,1.8280,0.2800
95,default,250,0,0,0,0,-7.0208,-635.3138,0.0001,0.0000,-0.0023,0.0117,0.0000,0.0000,0.0109,0.0000,0.0000,0.3487,0.627017,-8.737608,2.0000,1.7120,4.2880,1.2880,0.0720
96,default,250,0,0,0,0,-9.9420,-429.9963,-0.0001,0.0000,0.0617,0.0313,0.0000,0.0000,0.0180,0.0000,0.0000,0.5628,0.671699,-8.883202,2.0000,0.2600,5.7400,2.7400,0.2720
97,default,250,0,0,0,0,-15.9069,-431.1095,-0.0002,0.0000,0.0664,0.0290,0.0000,0.0000,0.0109,0.0000,0.0000,0.4741,0.660328,-8.774408,2.0000,0.1680,5.8320,2.8320,0.2680
98,default,250,0,0,0,0,-13.2487,-436.2466,-0.0002,0.0000,0.0675,0.0266,0.0000,0.0000,0.0105,0.0000,0.0000,0.4353,0.626693,-8.637552,2.0000,0.2040,5.7960,2.7960,0.2560
99,default,250,0,0,0,0,-6.8188,-430.4348,-0.0001,0.0000,0.0562,0.0301,0.0000,0.0000,0.0107,0.0000,0.0000,0.4516,0.658102,-8.617688,2.0000,0.2960,5.7040,2.7040,0.2960
100,default,250,0,0,0,0,-8.5264,-419.2983,-0.0000,0.0000,0.0839,0.0316,0.0000,0.0000,0.0317,0.0000,0.0000,0.3886,0.765067,-8.716903,2.0000,0.4480,5.5520,2.5520,0.2680
101,default,61,1,2,2,0,150.3181,-1.2894,0.0009,0.2459,-0.0475,0.1177,0.0000,0.0000,0.0600,0.0000,0.0000,0.8573,1.230825,-8.816812,1.3934,3.9180,5.5246,0.8033,1.0164
102,default,250,0,1,1,0,68.4612,-112.6504,-0.0003,0.0400,0.0820,0.0345,0.0000,0.0000,0.0199,0.0000,0.0000,0.6016,3.827792,-8.907568,1.1480,5.0880,6.0000,0.4560,0.9800
103,default,250,0,1,1,0,68.6546,-108.7950,-0.0002,0.0400,0.0787,0.0365,0.0000,0.0000,0.0201,0.0000,0.0000,0.6083,3.702706,-8.947047,1.1560,5.0880,5.9520,0.4320,0.9800
104,default,250,0,0,0,0,-7.0229,-404.6441,-0.0000,0.0000,0.0761,0.0362,0.0000,0.0000,0.0558,0.0000,0.0000,0.4056,3.816096,-8.827927,2.0000,0.0520,5.9480,2.9480,0.1520
105,default,250,0,0,0,0,-5.9828,-424.1932,0.0001,0.0000,0.0760,0.0335,0.0000,0.0000,0.0713,0.0000,0.0000,0.4689,4.525023,-8.781651,2.0000,0.5640,5.4360,2.4360,0.1560
106,default,250,0,1,1,0,67.0542,-108.7163,-0.0004,0.0400,0.0828,0.0303,0.0000,0.0000,0.0244,0.0000,0.0000,0.6239,3.923215,-8.680875,1.0840,5.4800,5.9920,0.2560,0.9800
107,default,250,0,0,0,0,-5.8545,-429.1554,0.0001,0.0000,0.0918,0.0294,0.0000,0.0000,0.0925,0.0000,0.0000,0.5784,4.147958,-8.555829,2.0000,0.0680,5.9320,2.9320,0.0440
108,default,250,0,0,0,0,-6.7122,-422.1797,0.0000,0.0000,0.0833,0.0334,0.0000,0.0000,0.0423,0.0000,0.0000,0.4607,3.294724,-8.432016,2.0000,0.0000,6.0000,3.0000,0.0680
109,default,250,0,0,0,0,-6.5914,-422.1805,-0.0000,0.0000,0.0860,0.0321,0.0000,0.0000,0.0741,0.0000,0.0000,0.4129,1.543247,-8.307497,2.0000,0.0000,6.0000,3.0000,0.0600
110,default,250,0,0,0,0,-7.4530,-422.4703,-0.0000,0.0000,0.0924,0.0295,0.0000,0.0000,0.0636,0.0000,0.0000,0.4354,1.239342,-8.211317,2.0000,0.6480,5.3520,2.3520,0.1760
111,default,250,0,0,0,0,-16.2675,-400.2674,-0.0004,0.0000,0.0749,0.0369,0.0000,0.0000,0.0487,0.0000,0.0000,0.4086,1.254232,-8.147036,2.0000,0.0320,5.9680,2.9680,0.1560
112,default,250,0,0,0,0,-10.5991,-422.6217,0.0000,0.0000,0.0867,0.0315,0.0000,0.0000,0.0806,0.0000,0.0000,0.4075,1.115781,-8.045527,2.0000,0.2560,5.7440,2.7440,0.1400
113,default,250,0,0,0,0,-6.9259,-428.4752,0.0000,0.0000,0.0809,0.0300,0.0000,0.0000,0.0712,0.0000,0.0000,0.4111,0.582742,-8.006216,2.0000,0.5120,5.4880,2.4880,0.2040
114,default,250,0,1,1,0,65.9117,-112.8180,-0.0006,0.0400,0.0801,0.0336,0.0000,0.0000,0.0324,0.0000,0.0000,0.6022,1.190642,-7.946429,1.1400,5.1360,6.0000,0.4320,0.9800
115,default,250,0,1,1,0,40.8152,-295.5684,0.0002,0.0400,0.0741,0.0320,0.0000,0.0000,0.1457,0.0000,0.0000,0.5569,1.309913,-7.907088,1.6160,2.7200,5.5600,1.4200,0.4600
116,default,250,0,0,0,0,-10.1128,-424.5500,0.0000,0.0000,0.0803,0.0319,0.0000,0.0000,0.1136,0.0000,0.0000,0.4799,1.321434,-7.868276,2.0000,0.3400,5.6600,2.6600,0.0760
117,default,250,0,1,1,0,68.3090,-177.5273,-0.0002,0.0400,0.0765,0.0362,0.0000,0.0000,0.0382,0.0000,0.0000,0.5744,1.877349,-7.779273,1.3480,3.9240,5.9640,1.0200,0.8040
118,default,250,0,1,1,0,67.8617,-104.1860,-0.0004,0.0400,0.0798,0.0380,0.0000,0.0000,0.0159,0.0000,0.0000,0.6028,2.866301,-7.757201,1.1520,5.0640,6.0000,0.4680,0.9800
119,default,250,0,0,0,0,-5.7807,-426.2508,0.0001,0.0000,0.0803,0.0314,0.0000,0.0000,0.0439,0.0000,0.0000,0.4124,2.688056,-7.805209,2.0000,0.6640,5.3360,2.3360,0.2080
120,default,250,0,-1,0,1,-66.1131,-309.8395,-0.0001,0.0000,-0.0223,0.0309,0.0000,0.0000,0.0327,0.0000,0.0000,0.4132,2.821228,-7.845575,1.3360,4.1200,5.8400,0.8600,0.3200
121,default,146,0,-1,1,1,-6.1119,-182.0343,-0.0001,0.0685,-0.0738,0.0505,0.0000,0.0000,0.0349,0.0000,0.0000,0.2826,2.766994,-7.852869,1.6027,2.5548,5.7466,1.5959,0.5274
122,default,250,0,1,1,0,7.7163,-123.0884,-0.0008,0.0000,0.0146,0.0355,0.0000,0.0000,0.0057,0.0000,0.0000,0.6958,2.689015,-7.861758,1.0840,5.4720,6.0000,0.2640,0.9800
123,default,250,0,-1,0,1,-67.7413,-312.4471,-0.0000,0.0000,-0.0249,0.0305,0.0000,0.0000,0.0634,0.0000,0.0000,0.2214,2.404492,-7.846914,1.3360,4.0080,5.9520,0.9720,0.3200
124,default,250,0,-1,0,1,-68.4658,-287.1502,-0.0004,0.0000,-0.0313,0.0357,0.0000,0.0000,0.0116,0.0000,0.0000,0.4724,2.720691,-7.772634,1.3440,4.1800,5.7320,0.7760,0.3360
125,default,250,0,0,0,0,-6.5484,-637.9200,0.0000,0.0000,-0.0058,0.0099,0.0000,0.0000,0.0760,0.0000,0.0000,0.2886,2.359119,-7.613169,2.0000,1.0600,4.9400,1.9400,0.0800
126,default,250,0,1,1,0,17.8571,-419.9533,-0.0000,0.0067,-0.0055,0.0119,0.0000,0.0000,0.0438,0.0000,0.0000,0.4046,2.236451,-7.493824,1.3680,3.8000,5.9680,1.0840,0.0840
127,default,250,0,-1,0,1,-66.8425,-262.0761,-0.0004,0.0000,-0.0112,0.0408,0.0000,0.0000,0.0226,0.0000,0.0000,0.2994,2.076331,-7.371175,1.3360,4.0880,5.8720,0.8920,0.3200
128,default,250,0,-1,0,1,-66.7457,-305.5737,-0.0002,0.0000,-0.0160,0.0327,0.0000,0.0000,0.0066,0.0000,0.0000,0.2466,2.090318,-7.216390,1.3440,3.9120,6.0000,1.0440,0.3280
129,default,250,0,-1,0,1,-66.5417,-294.2675,-0.0003,0.0000,-0.0120,0.0366,0.0000,0.0000,0.0058,0.0000,0.0000,0.4741,2.671835,-7.067678,1.3360,4.0160,5.9440,0.9640,0.3200
130,default,250,0,-1,0,1,-68.2290,-275.2439,-0.0005,0.0000,-0.0102,0.0369,0.0000,0.0000,0.0046,0.0000,0.0000,0.4862,3.024032,-6.877368,1.3240,4.0640,5.9680,0.9520,0.3080
131,default,250,0,-1,0,1,-68.0872,-269.2788,-0.0004,0.0000,-0.0079,0.0415,0.0000,0.0000,0.0030,0.0000,0.0000,0.4259,2.536092,-6.728677,1.3520,4.0080,5.8560,0.9240,0.3360
132,default,250,0,1,1,0,2.5361,-326.2425,-0.0001,0.0000,-0.0089,0.0093,0.0000,0.0000,0.0101,0.0000,0.0000,0.2061,2.781121,-6.596745,1.0720,5.5440,6.0000,0.2280,0.0640
133,default,250,0,-1,0,1,-67.2774,-277.6973,-0.0004,0.0000,-0.0157,0.0386,0.0000,0.0000,0.0062,0.0000,0.0000,0.4029,2.718554,-6.433791,1.3400,4.0480,5.8880,0.9200,0.3320
134,default,250,0,0,0,0,-10.2704,-649.0336,-0.0001,0.0000,-0.0115,0.0098,0.0000,0.0000,0.0264,0.0000,0.0000,0.2876,3.188497,-6.281049,2.0000,0.5440,5.4560,2.4560,0.0680
135,default,250,0,0,0,0,-14.2023,-649.1377,-0.0001,0.0000,-0.0125,0.0078,0.0000,0.0000,0.0235,0.0000,0.0000,0.3909,2.710937,-6.151540,2.0000,0.5880,5.4120,2.4120,0.0920
136,default,250,0,0,0,0,-12.9137,-416.9243,-0.0004,0.0000,0.0468,0.0355,0.0000,0.0000,0.0076,0.0000,0.0000,0.4773,2.138334,-6.061184,2.0000,0.2760,5.7240,2.7240,0.2960
137,default,250,0,0,0,0,-14.6994,-644.6168,0.0001,0.0000,-0.0058,0.0101,0.0000,0.0000,0.0385,0.0000,0.0000,0.4825,1.609567,-6.056131,2.0000,0.4160,5.5840,2.5840,0.0640
138,default,250,0,1,1,0,59.3137,-409.5920,0.0001,0.0400,-0.0127,0.0083,0.0000,0.0000,0.0418,0.0000,0.0000,0.1989,1.661482,-6.105516,1.3040,4.1520,6.0000,0.9240,0.0760
139,default,250,0,0,0,0,-11.2240,-615.3761,0.0000,0.0000,-0.0076,0.0124,0.0000,0.0000,0.0730,0.0000,0.0000,0.2890,1.265418,-6.130016,2.0000,0.0280,5.9720,2.9720,0.0800
140,default,250,0,1,1,0,5.1814,-335.7810,0.0001,0.0400,-0.0151,0.0089,0.0000,0.0000,0.1686,0.0000,0.0000,0.3139,2.081739,-6.165376,1.0880,5.4480,6.0000,0.2760,0.0720
141,default,250,0,1,1,0,64.5579,-325.6575,0.0001,0.0400,-0.0098,0.0086,0.0000,0.0000,0.0336,0.0000,0.0000,0.2641,1.888669,-6.123169,1.0800,5.4960,6.0000,0.2520,0.0680
142,default,250,0,1,1,0,64.4287,-326.0104,0.0001,0.0400,-0.0136,0.0117,0.0000,0.0000,0.0427,0.0000,0.0000,0.1824,2.675832,-6.209497,1.1080,5.3280,6.0000,0.3360,0.0920
143,default,250,0,1,1,0,64.9321,-329.2999,0.0002,0.0400,-0.0149,0.0115,0.0000,0.0000,0.0408,0.0000,0.0000,0.3269,3.042521,-6.323105,1.1080,5.3280,6.0000,0.3360,0.0920
144,default,250,0,0,0,0,-10.7359,-652.5046,0.0000,0.0000,-0.0148,0.0088,0.0000,0.0000,0.0293,0.0000,0.0000,0.3100,3.782572,-6.311463,2.0000,1.6240,4.3760,1.3760,0.0720
145,default,250,0,1,1,0,62.2917,-336.4688,-0.0000,0.0400,-0.0124,0.0085,0.0000,0.0000,0.0205,0.0000,0.0000,0.3011,3.272297,-6.288112,1.0920,5.4360,5.9880,0.2760,0.0760
146,default,250,0,1,1,0,57.5196,-115.7822,-0.0006,0.0400,0.0871,0.0250,0.0000,0.0000,0.0297,0.0000,0.0000,0.5563,3.294228,-6.257534,1.0880,5.4480,6.0000,0.2760,0.9800
147,default,250,0,1,1,0,67.6329,-335.5369,-0.0000,0.0400,-0.0179,0.0085,0.0000,0.0000,0.0248,0.0000,0.0000,0.1441,4.259475,-6.399737,1.0880,5.4480,6.0000,0.2760,0.0720
148,default,250,0,1,1,0,50.6901,-110.3705,-0.0004,0.0400,0.0787,0.0316,0.0000,0.0000,0.0272,0.0000,0.0000,0.5703,3.914598,-6.525798,1.1320,5.1960,5.9880,0.3960,0.9840
149,default,250,0,1,1,0,56.1179,-319.1063,-0.0002,0.0400,-0.0090,0.0113,0.0000,0.0000,0.0000,0.0000,0.0000,0.4420,3.370150,-6.561662,1.0960,5.4000,6.0000,0.3000,0.0840
150,default,250,0,1,1,0,62.1968,-114.3167,-0.0004,0.0400,0.0838,0.0271,0.0000,0.0000,0.0363,0.0000,0.0000,0.5664,3.794209,-6.587056,1.0960,5.4000,6.0000,0.3000,0.9800
151,default,250,0,0,0,0,-6.7679,-648.7654,-0.0002,0.0000,-0.0159,0.0090,0.0000,0.0000,0.0067,0.0000,0.0000,0.2871,3.526683,-6.625082,2.0000,0.5400,5.4600,2.4600,0.0760
152,default,250,0,-1,0,1,-74.4696,-305.7202,-0.0002,0.0000,-0.0161,0.0308,0.0000,0.0000,0.0052,0.0000,0.0000,0.2792,3.143954,-6.729326,1.3520,3.8720,5.9920,1.0600,0.3360
153,default,250,0,-1,0,1,-70.1216,-81.2355,-0.0002,0.0000,0.0748,0.0522,0.0000,0.0000,0.0041,0.0000,0.0000,0.5757,3.271280,-6.809968,1.3520,3.8640,6.0000,1.0680,0.9800
154,default,250,0,1,1,0,63.8206,-328.7551,-0.0002,0.0400,-0.0140,0.0096,0.0000,0.0000,0.0000,0.0000,0.0000,0.1803,3.676145,-6.805820,1.0960,5.4000,6.0000,0.3000,0.0800
155,default,250,0,0,0,0,-6.0443,-631.0049,-0.0000,0.0000,-0.0061,0.0109,0.0000,0.0000,0.0077,0.0000,0.0000,0.4444,3.274383,-6.713167,2.0000,0.3600,5.6400,2.6400,0.0760
156,default,250,0,1,1,0,62.7654,-111.5050,-0.0004,0.0400,0.0816,0.0264,0.0000,0.0000,0.0131,0.0000,0.0000,0.5552,3.427741,-6.738992,1.0920,5.4240,6.0000,0.2880,0.9800
157,default,250,0,0,0,0,-10.4004,-227.7427,-0.0006,0.0000,0.1113,0.0494,0.0000,0.0000,0.0095,0.0000,0.0000,0.6335,2.449163,-6.844469,2.0000,0.2560,5.7440,2.7440,0.9920
158,default,250,0,1,1,0,68.6340,-330.7387,-0.0002,0.0400,-0.0111,0.0134,0.0000,0.0000,0.0000,0.0000,0.0000,0.2722,3.748129,-6.835842,1.1280,5.2080,6.0000,0.3960,0.0880
159,default,250,0,1,1,0,64.3462,-322.6703,-0.0001,0.0400,-0.0090,0.0107,0.0000,0.0000,0.0000,0.0000,0.0000,0.1861,3.470711,-6.826691,1.1000,5.3800,5.9960,0.3080,0.0840
160,default,250,0,1,1,0,57.6370,-314.9706,-0.0000,0.0400,-0.0135,0.0128,0.0000,0.0000,0.0018,0.0000,0.0000,0.2476,3.647299,-6.746989,1.0760,5.5200,6.0000,0.2400,0.0960
161,default,250,0,0,0,0,-15.0290,-408.2943,-0.0001,0.0000,0.0801,0.0338,0.0000,0.0000,0.0111,0.0000,0.0000,0.4039,2.509859,-6.663353,2.0000,1.0480,4.9520,1.9520,0.1080
162,default,250,0,-1,0,1,-90.6631,-309.9271,-0.0002,0.0000,-0.0102,0.0327,0.0000,0.0000,0.0226,0.0000,0.0000,0.4745,2.648402,-6.692343,1.3520,4.0160,5.8480,0.9160,0.3240
163,default,250,0,0,0,0,-19.9168,-633.4804,0.0000,0.0000,-0.0194,0.0132,0.0000,0.0000,0.0139,0.0000,0.0000,0.2604,2.901267,-6.452193,2.0000,0.0080,5.9920,2.9920,0.1080
164,default,250,0,0,0,0,-19.7664,-641.1619,-0.0001,0.0000,-0.0146,0.0121,0.0000,0.0000,0.0048,0.0000,0.0000,0.2981,2.426521,-6.171454,2.0000,0.8600,5.1400,2.1400,0.0840
165,default,250,0,1,1,0,-2.7684,-326.4998,-0.0001,0.0000,-0.0180,0.0105,0.0000,0.0000,0.0051,0.0000,0.0000,0.1716,1.823521,-5.955926,1.0760,5.5200,6.0000,0.2400,0.0760
166,default,250,0,0,0,0,-6.2861,-637.6938,-0.0001,0.0000,-0.0296,0.0142,0.0000,0.0000,0.0354,0.0000,0.0000,0.1829,1.348861,-5.717546,2.0000,0.0040,5.9960,2.9960,0.0880
167,default,250,0,1,1,0,68.9248,-318.1776,-0.0000,0.0400,-0.0152,0.0111,0.0000,0.0000,0.0355,0.0000,0.0000,0.3330,1.312101,-5.618292,1.0560,5.6400,6.0000,0.1800,0.0920
168,default,250,0,1,1,0,66.3452,-334.6748,-0.0001,0.0400,-0.0176,0.0114,0.0000,0.0000,0.0252,0.0000,0.0000,0.3161,1.823740,-5.538752,1.0920,5.4240,6.0000,0.2880,0.0600
169,default,250,0,0,0,0,-6.1798,-641.7657,-0.0000,0.0000,-0.0191,0.0124,0.0000,0.0000,0.0276,0.0000,0.0000,0.2799,1.981852,-5.507821,2.0000,0.6560,5.3440,2.3440,0.0800
170,default,77,1,2,2,0,119.1063,-29.1612,-0.0001,0.1299,-0.1642,0.0931,0.0000,0.0000,0.0002,0.0000,0.0000,0.6416,0.946472,-5.454379,1.3117,3.9740,6.0000,1.0130,0.9351
171,default,250,0,-1,0,1,-87.9019,-72.1747,-0.0003,0.0000,-0.0406,0.0723,0.0000,0.0000,0.0349,0.0000,0.0000,0.6985,3.499529,-5.631042,1.3240,4.1840,5.8480,0.8320,0.9800
172,default,250,0,0,0,0,-14.0139,-632.5604,-0.0001,0.0000,-0.0207,0.0133,0.0000,0.0000,0.0389,0.0000,0.0000,0.2565,3.680435,-5.651992,2.0000,0.8040,5.1960,2.1960,0.1000
173,default,250,0,0,0,0,-74.9943,-453.7827,0.0001,0.0000,-0.0011,0.0315,0.0000,0.0000,0.1370,0.0000,0.0000,0.4162,3.359229,-5.667885,2.0000,1.3760,4.6240,1.6240,0.9800
174,default,250,0,0,0,0,-9.4672,-462.6214,-0.0000,0.0000,-0.0174,0.0336,0.0000,0.0000,0.0012,0.0000,0.0000,0.5021,4.016523,-5.650432,2.0000,1.2840,4.7160,1.7160,0.9680
175,default,250,0,0,0,0,-7.8561,-476.6391,-0.0000,0.0000,-0.0425,0.0336,0.0000,0.0000,0.0000,0.0000,0.0000,0.4174,2.578355,-5.630444,2.0000,2.0480,3.9520,0.9520,0.9800
176,default,250,0,0,0,0,-7.5768,-625.3556,-0.0001,0.0000,-0.0140,0.0151,0.0000,0.0000,0.0074,0.0000,0.0000,0.2211,3.334978,-5.579480,2.0000,2.3720,3.6280,0.6280,0.0880
177,default,250,0,0,0,0,-6.8538,-629.6722,-0.0000,0.0000,-0.0273,0.0164,0.0000,0.0000,0.0195,0.0000,0.0000,0.2649,1.528915,-5.523712,2.0000,2.5440,3.4560,0.4560,0.1000
178,default,250,0,0,0,0,-6.9400,-639.3677,0.0001,0.0000,-0.0167,0.0119,0.0000,0.0000,0.0303,0.0000,0.0000,0.2828,0.490270,-5.307788,2.0000,1.9120,4.0880,1.0880,0.0920
179,default,250,0,0,0,0,-9.1843,-628.8951,0.0000,0.0000,-0.0157,0.0138,0.0000,0.0000,0.0113,0.0000,0.0000,0.1642,0.343704,-5.289384,2.0000,2.6200,3.3800,0.3800,0.0840
180,default,90,0,-1,0,2,-115.5512,49.6340,-0.0004,0.0000,-0.0127,0.1662,0.0000,0.0000,0.0889,0.0000,0.0000,0.8111,0.374817,-5.321892,1.9444,0.7667,5.4333,2.3333,0.9444
181,default,90,0,-1,0,2,-99.0839,43.8970,-0.0009,0.0000,-0.0533,0.1749,0.0000,0.0000,0.0110,0.0000,0.0000,0.7868,1.203148,-5.359027,1.9667,0.8667,5.2000,2.1667,0.9889
182,default,250,0,-1,0,1,-71.2481,-18.2892,-0.0007,0.0000,-0.0361,0.0787,0.0000,0.0000,0.0097,0.0000,0.0000,0.6478,2.441792,-5.253595,1.3360,4.2760,5.6840,0.7040,0.9480
183,default,90,0,-1,1,1,-8.0521,28.0487,-0.0006,0.1111,-0.0431,0.1171,0.0000,0.0000,0.0094,0.0000,0.0000,0.7602,2.715179,-5.120623,1.4111,3.4000,6.0000,1.3000,0.9444
184,default,41,1,2,2,0,179.8607,1.0349,0.0015,0.4878,-0.0632,0.1734,0.0000,0.0000,0.0000,0.0000,0.0000,0.8731,4.684110,-5.111431,1.9024,0.2927,6.0000,2.8537,0.8780
185,default,96,0,-1,0,2,-96.6102,45.0460,-0.0011,0.0000,-0.0420,0.1661,0.0000,0.0000,0.0057,0.0000,0.0000,0.7948,6.658316,-5.207516,1.8542,1.3438,5.4062,2.0312,1.0312
186,default,250,0,-1,0,1,-68.7233,-28.5012,-0.0007,0.0000,-0.1004,0.0763,0.0000,0.0000,0.0148,0.0000,0.0000,0.5773,8.013410,-5.013694,1.3520,4.0040,5.8600,0.9280,0.8760
187,default,250,0,-1,0,1,-68.5115,-292.8318,0.0001,0.0000,-0.0048,0.0318,0.0000,0.0000,0.0010,0.0000,0.0000,0.5216,7.572093,-4.994955,1.3360,4.2920,5.6680,0.6880,0.2960
188,default,250,0,0,0,0,-7.3793,-418.8633,-0.0001,0.0000,-0.2229,0.0500,0.0000,0.0000,0.0300,0.0000,0.0000,0.3983,7.044299,-4.954220,2.0000,0.0120,5.9880,2.9880,0.1360
189,default,250,0,0,0,0,-7.2345,-424.6896,0.0000,0.0000,-0.2711,0.0386,0.0000,0.0000,0.0026,0.0000,0.0000,0.3338,6.454580,-4.910693,2.0000,0.9920,5.0080,2.0080,0.1520
190,default,250,0,0,0,0,-10.3441,-433.0772,-0.0001,0.0000,-0.2252,0.0372,0.0000,0.0000,0.0105,0.0000,0.0000,0.3174,5.736205,-4.909419,2.0000,0.0000,6.0000,3.0000,0.1440
191,default,250,0,0,0,0,-17.8137,-450.9468,-0.0001,0.0000,-0.2023,0.0242,0.0000,0.0000,0.0015,0.0000,0.0000,0.2823,5.080257,-4.954149,2.0000,0.0000,6.0000,3.0000,0.1360
192,default,250,0,-1,0,1,-120.2510,-59.0689,-0.0006,0.0000,-0.1564,0.0609,0.0000,0.0000,0.0021,0.0000,0.0000,0.4023,1.946463,-4.899635,1.3400,3.9760,5.9600,0.9920,0.3440
193,default,250,0,-1,0,1,-110.9519,-49.8891,-0.0006,0.0000,-0.1559,0.0652,0.0000,0.0000,0.0089,0.0000,0.0000,0.4016,1.535857,-4.841284,1.3520,3.9080,5.9560,1.0240,0.3360
194,default,250,0,-1,0,1,-96.9891,-36.3571,-0.0006,0.0000,-0.1470,0.0658,0.0000,0.0000,0.0024,0.0000,0.0000,0.3964,1.489581,-4.711344,1.3160,4.1400,5.9400,0.9000,0.3160
195,default,250,0,-1,0,1,-72.5729,-52.1870,-0.0004,0.0000,-0.1867,0.0686,0.0000,0.0000,0.0090,0.0000,0.0000,0.3942,1.741181,-4.588157,1.3360,4.0480,5.9120,0.9320,0.3400
196,default,250,0,0,0,0,-7.1828,-345.9693,-0.0003,0.0000,-0.1554,0.0559,0.0000,0.0000,0.0229,0.0000,0.0000,0.4002,1.885662,-4.550727,2.0000,0.1680,5.8320,2.8320,0.1480
197,default,250,0,-1,0,1,-66.6405,-39.3038,-0.0002,0.0000,-0.1977,0.0851,0.0000,0.0000,0.0236,0.0000,0.0000,0.4034,2.227737,-4.521940,1.3240,4.0440,5.9880,0.9720,0.3640
198,default,250,0,-1,0,1,-72.2369,-6.4965,-0.0003,0.0000,-0.1437,0.0968,0.0000,0.0000,0.0024,0.0000,0.0000,0.4364,2.900780,-4.600021,1.3400,3.9400,5.9960,1.0280,0.4360
199,default,250,0,0,0,0,-10.4298,-140.0249,-0.0004,0.0000,-0.0962,0.1064,0.0000,0.0000,0.0381,0.0000,0.0000,0.6051,2.667135,-4.595491,2.0000,0.5360,5.4640,2.4640,0.5280
200,default,250,0,0,0,0,-10.7501,-340.9777,-0.0002,0.0000,-0.0836,0.0653,0.0000,0.0000,0.0145,0.0000,0.0000,0.4019,2.225575,-4.556201,2.0000,0.4960,5.5040,2.5040,0.1640
201,default,250,0,0,0,0,-8.1261,-301.3995,-0.0001,0.0000,-0.0554,0.0828,0.0000,0.0000,0.0016,0.0000,0.0000,0.5396,2.178138,-4.614004,2.0000,0.0160,5.9840,2.9840,0.0840
202,default,250,0,0,0,0,-14.3450,-301.5900,-0.0003,0.0000,-0.0404,0.0807,0.0000,0.0000,0.0035,0.0000,0.0000,0.5750,1.535688,-4.778772,2.0000,0.3240,5.6760,2.6760,0.1880
203,default,250,0,0,0,0,-9.7649,-288.0770,-0.0001,0.0000,-0.0597,0.0862,0.0000,0.0000,0.0053,0.0000,0.0000,0.4719,1.462757,-4.886857,2.0000,0.6320,5.3680,2.3680,0.1440
204,default,250,0,-1,0,1,-68.5094,-288.8206,-0.0003,0.0000,-0.0127,0.0423,0.0000,0.0000,0.0082,0.0000,0.0000,0.2899,1.329782,-4.909513,1.4080,3.8160,5.7120,0.9480,0.3920
205,default,250,0,0,0,0,-17.2875,-286.2849,-0.0000,0.0000,-0.0131,0.0799,0.0000,0.0000,0.0190,0.0000,0.0000,0.5464,1.037239,-4.918285,2.0000,0.1840,5.8160,2.8160,0.0840
206,default,250,0,0,0,0,-9.1429,-285.4999,-0.0001,0.0000,-0.0557,0.0849,0.0000,0.0000,0.0037,0.0000,0.0000,0.5130,0.948139,-4.955502,2.0000,0.9680,5.0320,2.0320,0.1600
207,default,250,0,0,0,0,-20.1312,-295.5746,-0.0001,0.0000,-0.0313,0.0769,0.0000,0.0000,0.0039,0.0000,0.0000,0.5270,0.847072,-4.944633,2.0000,0.0000,6.0000,3.0000,0.0760
208,default,250,0,0,0,0,-15.6919,-377.6090,-0.0002,0.0000,-0.0373,0.0539,0.0000,0.0000,0.0323,0.0000,0.0000,0.4400,0.906949,-4.829648,2.0000,0.3800,5.6200,2.6200,0.3920
209,default,250,0,0,0,0,-6.9920,-293.7214,0.0000,0.0000,-0.0325,0.0806,0.0000,0.0000,0.0223,0.0000,0.0000,0.5241,0.733305,-4.652970,2.0000,0.6080,5.3920,2.3920,0.1480
210,default,250,0,0,0,0,-7.7433,-279.0284,-0.0002,0.0000,-0.0375,0.0936,0.0000,0.0000,0.0080,0.0000,0.0000,0.5286,0.627249,-4.534157,2.0000,0.5880,5.4120,2.4120,0.4120
211,default,250,0,0,0,0,-5.9520,-339.8895,0.0000,0.0000,-0.0468,0.0690,0.0000,0.0000,0.0162,0.0000,0.0000,0.5175,0.402153,-4.434947,2.0000,1.2200,4.7800,1.7800,0.2800
212,default,250,0,1,1,0,48.3846,-287.5157,0.0000,0.0267,-0.0149,0.0823,0.0000,0.0000,0.0323,0.0000,0.0000,0.5875,0.265133,-4.299515,1.9520,1.1880,5.0760,1.9440,0.2160
213,default,250,0,0,0,0,-8.4986,-275.7020,0.0001,0.0000,0.0041,0.0811,0.0000,0.0000,0.0100,0.0000,0.0000,0.5674,0.634834,-4.173357,2.0000,0.7680,5.2320,2.2320,0.1680
214,default,250,0,0,0,0,-6.0833,-270.9764,-0.0001,0.0000,-0.0090,0.0845,0.0000,0.0000,0.0023,0.0000,0.0000,0.5491,0.694107,-4.020684,2.0000,2.0040,3.9960,0.9960,0.2840
215,default,250,0,1,1,0,59.0635,28.4010,-0.0004,0.0400,-0.0140,0.0793,0.0000,0.0000,0.0023,0.0000,0.0000,0.7971,1.307899,-4.073513,1.0840,5.4720,6.0000,0.2640,0.3680
216,default,250,0,0,0,0,-12.2735,-275.4314,-0.0000,0.0000,-0.0065,0.0858,0.0000,0.0000,0.0187,0.0000,0.0000,0.6331,0.891565,-4.026261,2.0000,0.8960,5.1040,2.1040,0.1720
217,default,250,0,0,0,0,-6.5855,-296.8361,0.0001,0.0000,-0.0377,0.0737,0.0000,0.0000,0.0215,0.0000,0.0000,0.6100,1.012967,-3.937561,2.0000,1.1520,4.8480,1.8480,0.1440
218,default,250,0,0,0,0,-9.0664,-311.2729,0.0000,0.0000,-0.0839,0.0801,0.0000,0.0000,0.0472,0.0000,0.0000,0.4973,0.835325,-3.895282,2.0000,1.3800,4.6200,1.6200,0.0960
219,default,250,0,0,0,0,-9.7714,-291.3422,-0.0001,0.0000,-0.0291,0.0769,0.0000,0.0000,0.0297,0.0000,0.0000,0.5917,0.942308,-3.825675,2.0000,1.3360,4.6640,1.6640,0.2280
220,default,210,1,2,2,0,156.2032,-202.7806,-0.0000,0.0794,-0.0896,0.0716,0.0000,0.0000,0.0192,0.0000,0.0000,0.5098,0.902616,-3.780292,1.7095,2.0095,5.6762,1.8333,0.1667
221,default,250,0,-1,0,1,-66.3428,37.8989,-0.0002,0.0000,-0.0616,0.1084,0.0000,0.0000,0.0000,0.0000,0.0000,0.7319,2.547074,-3.848188,1.3400,4.1240,5.8120,0.8440,0.4520
222,default,250,0,1,1,0,67.8996,27.2575,-0.0004,0.0400,-0.0255,0.0872,0.0000,0.0000,0.0000,0.0000,0.0000,0.7712,3.341123,-3.883649,1.0720,5.5440,6.0000,0.2280,0.2840
223,default,250,0,0,0,0,-10.1475,-280.0654,-0.0001,0.0000,-0.0106,0.0893,0.0000,0.0000,0.0120,0.0000,0.0000,0.5168,3.153485,-3.969218,2.0000,0.4800,5.5200,2.5200,0.0720
224,default,250,0,0,0,0,-7.0631,-310.4295,-0.0001,0.0000,-0.0614,0.0829,0.0000,0.0000,0.0001,0.0000,0.0000,0.4458,3.197496,-4.072223,2.0000,0.4640,5.5360,2.5360,0.0680
225,default,250,0,-1,0,1,-66.4062,46.2143,-0.0003,0.0000,-0.0443,0.1074,0.0000,0.0000,0.0062,0.0000,0.0000,0.8476,3.833114,-4.167233,1.3320,4.0760,5.9080,0.9160,0.4160
226,default,250,0,0,0,0,-6.0975,-290.6265,-0.0001,0.0000,-0.0309,0.0860,0.0000,0.0000,0.0169,0.0000,0.0000,0.5256,4.241457,-4.260560,2.0000,0.1120,5.8880,2.8880,0.0760
227,default,250,0,1,1,0,63.0858,41.5338,-0.0001,0.0400,-0.0011,0.0903,0.0000,0.0000,0.0203,0.0000,0.0000,0.8436,3.371571,-4.345880,1.0880,5.4480,6.0000,0.2760,0.2640
228,default,250,0,1,1,0,61.2514,28.0902,-0.0002,0.0400,-0.0209,0.0829,0.0000,0.0000,0.0179,0.0000,0.0000,0.8096,2.444674,-4.334075,1.0880,5.4480,6.0000,0.2760,0.2640
229,default,250,0,-1,0,1,-73.2079,21.8140,-0.0003,0.0000,-0.0701,0.1025,0.0000,0.0000,0.0066,0.0000,0.0000,0.7298,2.203911,-4.272630,1.3440,4.0040,5.9080,0.9520,0.5760
230,default,250,0,1,1,0,65.7215,32.9308,-0.0003,0.0400,-0.0195,0.0911,0.0000,0.0000,0.0013,0.0000,0.0000,0.8611,2.647078,-4.236702,1.0800,5.4960,6.0000,0.2520,0.3440
231,default,250,0,0,0,0,-12.7766,-285.4949,-0.0001,0.0000,-0.0160,0.0850,0.0000,0.0000,0.0036,0.0000,0.0000,0.5058,2.676128,-4.211608,2.0000,0.0000,6.0000,3.0000,0.0760
232,default,250,0,0,0,0,-16.3509,-81.0965,-0.0004,0.0000,0.0408,0.1122,0.0000,0.0000,0.0001,0.0000,0.0000,0.7768,2.229704,-4.127042,2.0000,1.1680,4.8320,1.8320,0.8960
233,default,250,0,0,0,0,-14.2273,-275.7878,-0.0000,0.0000,-0.0119,0.0909,0.0000,0.0000,0.0035,0.0000,0.0000,0.5397,2.036504,-3.919215,2.0000,0.9960,5.0040,2.0040,0.3440
234,default,250,0,1,1,0,65.9829,-317.9333,0.0000,0.0400,-0.0291,0.0466,0.0000,0.0000,0.0000,0.0000,0.0000,0.3533,2.087440,-3.913295,1.4880,3.1200,5.9280,1.4040,0.2840
235,default,250,0,1,1,0,36.2623,-290.5873,-0.0001,0.0200,-0.0088,0.0742,0.0000,0.0000,0.0015,0.0000,0.0000,0.3961,1.967588,-3.877444,1.7720,2.2920,5.0520,1.3800,0.5240
236,default,250,0,-1,0,1,-67.3003,-35.0801,-0.0003,0.0000,-0.1565,0.0840,0.0000,0.0000,0.0009,0.0000,0.0000,0.5174,1.753022,-3.851967,1.3400,4.2200,5.7160,0.7480,0.4760
237,default,250,0,-1,0,1,-68.7282,22.7532,-0.0004,0.0000,-0.0717,0.0973,0.0000,0.0000,0.0000,0.0000,0.0000,0.7109,1.315060,-3.783648,1.3160,4.2240,5.8560,0.8160,0.5360
238,default,250,0,-1,0,1,-67.9137,54.0717,-0.0007,0.0000,-0.0353,0.1142,0.0000,0.0000,0.0000,0.0000,0.0000,0.8053,2.015505,-3.703477,1.3240,4.2600,5.7720,0.7560,0.6040
239,default,250,0,-1,0,1,-70.6972,42.3265,-0.0003,0.0000,-0.0520,0.1106,0.0000,0.0000,0.0127,0.0000,0.0000,0.7953,2.254849,-3.694803,1.3280,4.0600,5.9480,0.9440,0.3440
240,default,250,0,-1,0,1,-77.1153,-280.1541,-0.0001,0.0000,-0.0166,0.0810,0.0000,0.0000,0.0292,0.0000,0.0000,0.5014,2.686329,-3.567222,1.8640,2.3000,4.4920,1.0960,0.3080
241,default,250,0,0,0,0,-74.0829,-83.5716,-0.0002,0.0000,0.0169,0.1080,0.0000,0.0000,0.1685,0.0000,0.0000,0.7651,2.459691,-3.300978,2.0000,0.3920,5.6080,2.6080,0.3600
242,default,250,0,-1,0,1,-74.5084,-272.1678,-0.0000,0.0000,-0.0110,0.0883,0.0000,0.0000,0.0555,0.0000,0.0000,0.4803,2.265633,-3.088735,1.9840,0.8400,5.2320,2.1960,0.0520
243,default,250,0,0,0,0,-10.9239,-286.5252,0.0000,0.0000,-0.0168,0.0890,0.0000,0.0000,0.0376,0.0000,0.0000,0.5305,2.135133,-2.927814,2.0000,1.3680,4.6320,1.6320,0.1280
244,default,250,0,0,0,0,-84.2126,-309.0080,-0.0000,0.0000,-0.0391,0.0767,0.0000,0.0000,0.1674,0.0000,0.0000,0.5178,1.747808,-2.726991,2.0000,1.5360,4.4640,1.4640,0.1240
245,default,250,0,-1,0,1,-71.5104,62.8795,-0.0002,0.0000,-0.0062,0.1095,0.0000,0.0000,0.0189,0.0000,0.0000,0.7979,1.646031,-2.514694,1.3400,4.1800,5.7560,0.7880,0.2480
246,default,250,0,1,1,0,8.9380,-307.9083,0.0001,0.0067,-0.0015,0.0430,0.0000,0.0000,0.0498,0.0000,0.0000,0.4323,1.428785,-2.440571,1.4720,3.2960,5.8480,1.2760,0.0520
247,default,250,0,0,0,0,-10.8283,-282.8462,0.0001,0.0000,0.0088,0.0727,0.0000,0.0000,0.0330,0.0000,0.0000,0.5327,1.145755,-2.407446,2.0000,1.5360,4.4640,1.4640,0.2480
248,default,250,0,0,0,0,-16.3121,-274.3576,-0.0000,0.0000,-0.0119,0.0916,0.0000,0.0000,0.0191,0.0000,0.0000,0.5569,0.878132,-2.515228,2.0000,1.5520,4.4480,1.4480,0.1720
249,default,250,0,1,1,0,44.2257,31.4310,-0.0006,0.0400,-0.0240,0.0941,0.0000,0.0000,0.0163,0.0000,0.0000,0.7537,1.199595,-2.495959,1.0840,5.4840,5.9880,0.2520,0.5040
250,default,250,0,0,0,0,-10.0466,-270.7964,-0.0000,0.0000,0.0080,0.0917,0.0000,0.0000,0.0248,0.0000,0.0000,0.6202,1.241922,-2.465045,2.0000,1.1640,4.8360,1.8360,0.0800
